{"energy/force_closure":14.79367446899414,"_step":920,"energy/total":20.57661247253418,"energy/direction":0.27457165718078613,"step":921,"_timestamp":1.7601710188627002e+09,"energy/distance":0.02843780443072319,"energy/joints":0,"_runtime":129,"energy/self_penetration":0.0001322627067565918,"optimization/step_size":0.0019860712345689535,"optimization/acceptance_rate":0,"optimization/temperature":3.8634960651397705,"energy/penetration":0.0011019865050911903,"_wandb":{"runtime":129},"energy/barrier":0.08191996812820435}