{"optimization/temperature":7.149856090545654,"optimization/acceptance_rate":1,"step":542,"energy/distance":0.06590554118156433,"_timestamp":1.7601711088992991e+09,"energy/self_penetration":0,"energy/direction":2.2588629722595215,"_wandb":{"runtime":78},"_step":541,"energy/force_closure":0.4927210211753845,"energy/barrier":5.2371367928572e-05,"_runtime":78,"energy/total":29.671958923339844,"energy/penetration":0,"energy/joints":0,"optimization/step_size":0.0029936840292066336}