{"optimization/acceptance_rate":0,"step":653,"_step":652,"energy/force_closure":3.336932420730591,"energy/joints":0,"_timestamp":1.7601727064505692e+09,"energy/distance":0.04298987239599228,"energy/penetration":0.0005039959214627743,"_wandb":{"runtime":94},"optimization/step_size":0.0025667096488177776,"energy/self_penetration":0,"energy/barrier":0.03901316598057747,"energy/direction":1.7871570587158203,"optimization/temperature":6.130107879638672,"_runtime":94,"energy/total":25.59690284729004}