{"_wandb":{"runtime":37},"energy/direction":3.665621757507324,"optimization/step_size":0.004072530660778284,"energy/force_closure":2.8036000728607178,"energy/self_penetration":0,"energy/penetration":0.01499590091407299,"energy/barrier":0,"_step":243,"_timestamp":1.7601705632757113e+09,"_runtime":37,"optimization/acceptance_rate":0,"energy/distance":0.09656529873609543,"step":244,"energy/joints":0,"optimization/temperature":11.94156551361084,"energy/total":50.61594009399414}