{"_timestamp":1.7601705060886288e+09,"_runtime":108,"energy/barrier":0,"optimization/step_size":0.002316455589607358,"energy/joints":0,"energy/penetration":0.006499882321804762,"step":752,"_step":751,"energy/direction":3.4515514373779297,"energy/distance":0.11544716358184814,"_wandb":{"runtime":108},"optimization/temperature":4.993010997772217,"energy/force_closure":0.1409284472465515,"energy/total":46.85114669799805,"energy/self_penetration":0,"optimization/acceptance_rate":0}