{"optimization/step_size":0.002843999769538641,"energy/direction":3.149644613265991,"_timestamp":1.7601702047431521e+09,"energy/joints":0,"_wandb":{"runtime":81},"energy/barrier":0.002621533814817667,"_step":567,"visualization/step_500":{"size":6780271,"path":"media/html/visualization/step_500_500_4db21a54ee0ece499b7b.html","_type":"html-file","sha256":"4db21a54ee0ece499b7bbe2ea88923eaa1b7b447a069092204617fe462ce639c"},"energy/total":39.017921447753906,"energy/distance":0.07403473556041718,"energy/self_penetration":0.00013171881437301636,"energy/penetration":0.0007221540436148643,"optimization/temperature":7.149856090545654,"energy/force_closure":0.04184743016958237,"optimization/acceptance_rate":1,"_runtime":81,"step":567}