{"optimization/acceptance_rate":0,"_timestamp":1.760170349979546e+09,"energy/joints":0.019316647201776505,"_step":645,"energy/penetration":0,"energy/total":62.71654510498047,"energy/barrier":0.001768122659996152,"optimization/temperature":6.130107879638672,"energy/self_penetration":0,"energy/distance":0.048875726759433746,"_wandb":{"runtime":92},"energy/direction":4.626748085021973,"_runtime":92,"step":646,"energy/force_closure":11.540410995483398,"optimization/step_size":0.0027018000837415457}